"","ID_REF","GSM321607","GSM321608","GSM321605","GSM321606","IDENTIFIER"
"1","229252_at",3.88529520059473,3.57638735830242,6.84602638843035,6.5552421145002,"ATG9B"
